<?xml version='1.0' encoding='UTF-8'?>
<?artifactRepository version='1.1.0'?>
<repository name='Bundle pool' type='org.eclipse.equinox.p2.artifact.repository.simpleRepository' version='1'>
  <properties size='2'>
    <property name='p2.system' value='true'/>
    <property name='p2.timestamp' value='1393096951136'/>
  </properties>
  <mappings size='3'>
    <rule filter='(&amp; (classifier=osgi.bundle))' output='${repoUrl}/plugins/${id}_${version}.jar'/>
    <rule filter='(&amp; (classifier=binary))' output='${repoUrl}/binary/${id}_${version}'/>
    <rule filter='(&amp; (classifier=org.eclipse.update.feature))' output='${repoUrl}/features/${id}_${version}.jar'/>
  </mappings>
  <artifacts size='37'>
    <artifact classifier='osgi.bundle' id='org.eclipse.equinox.preferences' version='3.5.100.v20130422-1538'>
      <properties size='1'>
        <property name='download.size' value='127330'/>
      </properties>
    </artifact>
    <artifact classifier='osgi.bundle' id='org.eclipse.emf.ecore.change' version='2.9.0.v20130827-0309'>
      <properties size='1'>
        <property name='download.size' value='85882'/>
      </properties>
    </artifact>
    <artifact classifier='osgi.bundle' id='org.eclipse.e4.core.services' version='1.1.0.v20130515-1343'>
      <properties size='1'>
        <property name='download.size' value='23312'/>
      </properties>
    </artifact>
    <artifact classifier='osgi.bundle' id='org.eclipse.equinox.app' version='1.3.100.v20130327-1442'>
      <properties size='1'>
        <property name='download.size' value='86404'/>
      </properties>
    </artifact>
    <artifact classifier='org.eclipse.update.feature' id='org.eclipse.emf.ecore' version='2.9.1.v20130827-0309'>
      <properties size='1'>
        <property name='download.size' value='18407'/>
      </properties>
      <repositoryProperties size='1'>
        <property name='artifact.folder' value='true'/>
      </repositoryProperties>
    </artifact>
    <artifact classifier='osgi.bundle' id='com.ibm.icu' version='50.1.1.v201304230130'>
      <properties size='1'>
        <property name='download.size' value='9451362'/>
      </properties>
    </artifact>
    <artifact classifier='osgi.bundle' id='org.eclipse.equinox.common' version='3.6.200.v20130402-1505'>
      <properties size='1'>
        <property name='download.size' value='106861'/>
      </properties>
    </artifact>
    <artifact classifier='osgi.bundle' id='org.eclipse.core.jobs' version='3.5.300.v20130429-1813'>
      <properties size='1'>
        <property name='download.size' value='92639'/>
      </properties>
    </artifact>
    <artifact classifier='osgi.bundle' id='org.eclipse.core.commands' version='3.6.100.v20130515-1857'>
      <properties size='1'>
        <property name='download.size' value='108925'/>
      </properties>
    </artifact>
    <artifact classifier='osgi.bundle' id='org.eclipse.core.contenttype' version='3.4.200.v20130326-1255'>
      <properties size='1'>
        <property name='download.size' value='93173'/>
      </properties>
    </artifact>
    <artifact classifier='osgi.bundle' id='org.eclipse.e4.core.di.extensions' version='0.11.100.v20130514-1256'>
      <properties size='1'>
        <property name='download.size' value='23508'/>
      </properties>
    </artifact>
    <artifact classifier='osgi.bundle' id='org.eclipse.osgi' version='3.9.1.v20130814-1242'>
      <properties size='1'>
        <property name='download.size' value='1392390'/>
      </properties>
    </artifact>
    <artifact classifier='osgi.bundle' id='org.eclipse.e4.ui.model.workbench' version='1.0.1.v20130909-1436'>
      <properties size='1'>
        <property name='download.size' value='379341'/>
      </properties>
    </artifact>
    <artifact classifier='osgi.bundle' id='ru.mine.lib.logging' version='1.0.0.201402221922'>
      <properties size='1'>
        <property name='download.size' value='576317'/>
      </properties>
    </artifact>
    <artifact classifier='osgi.bundle' id='org.eclipse.equinox.launcher' version='1.3.0.v20130327-1440'>
      <properties size='1'>
        <property name='download.size' value='49968'/>
      </properties>
    </artifact>
    <artifact classifier='osgi.bundle' id='org.eclipse.e4.ui.workbench' version='1.0.1.v20130910-2014'>
      <properties size='1'>
        <property name='download.size' value='247710'/>
      </properties>
    </artifact>
    <artifact classifier='osgi.bundle' id='org.eclipse.e4.ui.services' version='1.0.1.v20130909-1436'>
      <properties size='1'>
        <property name='download.size' value='25340'/>
      </properties>
    </artifact>
    <artifact classifier='osgi.bundle' id='org.eclipse.core.expressions' version='3.4.500.v20130515-1343'>
      <properties size='1'>
        <property name='download.size' value='88438'/>
      </properties>
    </artifact>
    <artifact classifier='osgi.bundle' id='org.eclipse.e4.ui.di' version='1.0.0.v20130515-1857'>
      <properties size='1'>
        <property name='download.size' value='15890'/>
      </properties>
    </artifact>
    <artifact classifier='osgi.bundle' id='javax.xml' version='1.3.4.v201005080400'>
      <properties size='1'>
        <property name='download.size' value='237996'/>
      </properties>
    </artifact>
    <artifact classifier='osgi.bundle' id='org.eclipse.e4.core.contexts' version='1.3.1.v20130905-0905'>
      <properties size='1'>
        <property name='download.size' value='47534'/>
      </properties>
    </artifact>
    <artifact classifier='osgi.bundle' id='org.eclipse.emf.ecore.xmi' version='2.9.1.v20130827-0309'>
      <properties size='1'>
        <property name='download.size' value='227788'/>
      </properties>
    </artifact>
    <artifact classifier='osgi.bundle' id='javax.annotation' version='1.1.0.v201209060031'>
      <properties size='1'>
        <property name='download.size' value='27664'/>
      </properties>
    </artifact>
    <artifact classifier='osgi.bundle' id='org.eclipse.emf.ecore' version='2.9.1.v20130827-0309'>
      <properties size='1'>
        <property name='download.size' value='1182649'/>
      </properties>
    </artifact>
    <artifact classifier='osgi.bundle' id='org.eclipse.osgi.services' version='3.3.100.v20130513-1956'>
      <properties size='1'>
        <property name='download.size' value='83094'/>
      </properties>
    </artifact>
    <artifact classifier='osgi.bundle' id='org.eclipse.jface' version='3.9.1.v20130725-1141'>
      <properties size='1'>
        <property name='download.size' value='1100667'/>
      </properties>
    </artifact>
    <artifact classifier='org.eclipse.update.feature' id='ru.mine.feature' version='1.0.0.201402221922'>
      <properties size='1'>
        <property name='download.size' value='1817'/>
      </properties>
      <repositoryProperties size='1'>
        <property name='artifact.folder' value='true'/>
      </repositoryProperties>
    </artifact>
    <artifact classifier='osgi.bundle' id='org.eclipse.equinox.registry' version='3.5.301.v20130717-1549'>
      <properties size='1'>
        <property name='download.size' value='184307'/>
      </properties>
    </artifact>
    <artifact classifier='osgi.bundle' id='org.eclipse.e4.core.commands' version='0.10.2.v20130515-1857'>
      <properties size='1'>
        <property name='download.size' value='24064'/>
      </properties>
    </artifact>
    <artifact classifier='osgi.bundle' id='ru.mine.product.application' version='1.0.0.201402221922'>
      <properties size='1'>
        <property name='download.size' value='10704'/>
      </properties>
    </artifact>
    <artifact classifier='osgi.bundle' id='org.eclipse.e4.core.di' version='1.3.0.v20130514-1256'>
      <properties size='1'>
        <property name='download.size' value='52379'/>
      </properties>
    </artifact>
    <artifact classifier='osgi.bundle' id='org.eclipse.swt' version='3.102.1.v20130827-2021'>
      <properties size='1'>
        <property name='download.size' value='18644'/>
      </properties>
    </artifact>
    <artifact classifier='osgi.bundle' id='org.eclipse.emf.common' version='2.9.1.v20130827-0309'>
      <properties size='1'>
        <property name='download.size' value='351735'/>
      </properties>
    </artifact>
    <artifact classifier='osgi.bundle' id='org.eclipse.core.runtime' version='3.9.0.v20130326-1255'>
      <properties size='1'>
        <property name='download.size' value='73795'/>
      </properties>
    </artifact>
    <artifact classifier='osgi.bundle' id='javax.inject' version='1.0.0.v20091030'>
      <properties size='1'>
        <property name='download.size' value='12288'/>
      </properties>
    </artifact>
    <artifact classifier='osgi.bundle' id='org.eclipse.equinox.launcher.cocoa.macosx.x86_64' version='1.1.200.v20130807-1835'>
      <properties size='1'>
        <property name='download.size' value='30887'/>
      </properties>
      <repositoryProperties size='1'>
        <property name='artifact.folder' value='true'/>
      </repositoryProperties>
    </artifact>
    <artifact classifier='org.eclipse.update.feature' id='org.eclipse.emf.common' version='2.9.1.v20130827-0309'>
      <properties size='1'>
        <property name='download.size' value='18369'/>
      </properties>
      <repositoryProperties size='1'>
        <property name='artifact.folder' value='true'/>
      </repositoryProperties>
    </artifact>
  </artifacts>
</repository>
